Workbook

Sheet DS
A1: title | B1: magnitude | C1: date_time | D1: cdi | E1: mmi | F1: alert | G1: tsunami | H1: sig | I1: net | J1: nst | K1: dmin | L1: gap | M1: magType | N1: depth | O1: latitude | P1: longitude | Q1: location | R1: continent | S1: country
A2: M 6.5 - 42 km W of Sola, Vanuatu | B2: 6.5 | C2: 45154.533 | D2: 7 | E2: 4 | F2: green | G2: 0 | H2: 657 | I2: us | J2: 114 | K2: 7.177 | L2: 25 | M2: mww | N2: 192.955 | O2: -13.8814 | P2: 167.158 | Q2: Sola, Vanuatu | S2: Vanuatu
A3: M 6.5 - 43 km S of IntipucÃ¡, El Salvador | B3: 6.5 | C3: 45126.015 | D3: 8 | E3: 6 | F3: yellow | G3: 0 | H3: 775 | I3: us | J3: 92 | K3: 0.679 | L3: 40 | M3: mww | N3: 69.727 | O3: 12.814 | P3: -88.1265 | Q3: IntipucÃ¡, El Salvador
A4: M 6.6 - 25 km ESE of LoncopuÃ©, Argentina | B4: 6.6 | C4: 45124.128 | D4: 7 | E4: 5 | F4: green | G4: 0 | H4: 899 | I4: us | J4: 70 | K4: 1.634 | L4: 28 | M4: mww | N4: 171.371 | O4: -38.1911 | P4: -70.3731 | Q4: LoncopuÃ©, Argentina | R4: South America | S4: Argentina
A5: M 7.2 - 98 km S of Sand Point, Alaska | B5: 7.2 | C5: 45123.283 | D5: 6 | E5: 6 | F5: green | G5: 1 | H5: 860 | I5: us | J5: 173 | K5: 0.907 | L5: 36 | M5: mww | N5: 32.571 | O5: 54.3844 | P5: -160.699 | Q5: Sand Point, Alaska
A6: M 7.3 - Alaska Peninsula | B6: 7.3 | C6: 45123.283 | D6: 0 | E6: 5 | G6: 1 | H6: 820 | I6: at | J6: 79 | K6: 0.879451 | L6: 172.8 | M6: Mi | N6: 21 | O6: 54.49 | P6: -160.796 | Q6: Alaska Peninsula
A7: M 6.6 - 277 km NNE of Codrington, Antigua and Barbuda | B7: 6.6 | C7: 45117.853 | D7: 5 | E7: 4 | F7: green | G7: 1 | H7: 802 | I7: us | J7: 95 | K7: 2.454 | L7: 37 | M7: mww | N7: 10 | O7: 20.0196 | P7: -61.0955 | Q7: Codrington, Antigua and Barbuda
A8: M 6.9 - Tonga | B8: 6.9 | C8: 45109.435 | D8: 4 | E8: 4 | F8: green | G8: 1 | H8: 741 | I8: us | J8: 136 | K8: 1.179 | L8: 23 | M8: mww | N8: 229 | O8: -17.853 | P8: -174.937 | Q8: Tonga
A9: M 7.2 - south of the Fiji Islands | B9: 7.2 | C9: 45092.754 | D9: 8 | E9: 6 | F9: green | G9: 1 | H9: 804 | I9: us | J9: 85 | K9: 2.59 | L9: 24 | M9: mww | N9: 167.404 | O9: -22.9824 | P9: -177.208 | Q9: the Fiji Islands
A10: M 6.6 - Panama-Colombia border region | B10: 6.6 | C10: 45071.128 | D10: 6 | E10: 6 | F10: green | G10: 1 | H10: 733 | I10: us | J10: 50 | K10: 2.163 | L10: 129 | M10: mww | N10: 10 | O10: 8.8894 | P10: -77.1231 | Q10: Panama-Colombia border region | S10: Colombia
A11: M 7.1 - southeast of the Loyalty Islands | B11: 7.1 | C11: 45066.077 | D11: 3 | E11: 4 | F11: green | G11: 1 | H11: 777 | I11: us | J11: 98 | K11: 2.812 | L11: 56 | M11: mww | N11: 35.981 | O11: -23.0622 | P11: 170.456 | Q11: the Loyalty Islands
A12: M 7.7 - southeast of the Loyalty Islands | B12: 7.7 | C12: 45065.123 | D12: 5 | E12: 4 | F12: green | G12: 1 | H12: 927 | I12: us | J12: 277 | K12: 3.111 | L12: 15 | M12: mww | N12: 18.027 | O12: -23.2286 | P12: 170.694 | Q12: the Loyalty Islands
A13: M 7.6 - 95 km WNW of Hihifo, Tonga | B13: 7.6 | C13: 45056.668 | D13: 8 | E13: 6 | F13: green | G13: 1 | H13: 907 | I13: us | J13: 111 | K13: 3.631 | L13: 17 | M13: mww | N13: 210.097 | O13: -15.6002 | P13: -174.608 | Q13: Hihifo, Tonga
A14: M 6.6 - south of the Fiji Islands | B14: 6.6 | C14: 45044.134 | D14: 0 | E14: 2 | F14: green | G14: 0 | H14: 670 | I14: us | J14: 52 | K14: 5.123 | L14: 50 | M14: mww | N14: 598.467 | O14: -25.2657 | P14: 178.424 | Q14: the Fiji Islands
A15: M 7.1 - 170 km SSE of Teluk Dalam, Indonesia | B15: 7.1 | C15: 45040.833 | D15: 9 | E15: 7 | F15: green | G15: 0 | H15: 838 | I15: us | J15: 70 | K15: 2.282 | L15: 58 | M15: mww | N15: 15.462 | O15: -0.781 | P15: 98.5339 | Q15: Teluk Dalam, Indonesia | S15: Indonesia
A16: M 7.1 - Kermadec Islands, New Zealand | B16: 7.1 | C16: 45040.028 | D16: 8 | E16: 7 | F16: green | G16: 1 | H16: 777 | I16: us | J16: 126 | K16: 0.708 | L16: 23 | M16: mww | N16: 43.063 | O16: -30.0249 | P16: -177.897 | Q16: Kermadec Islands, New Zealand
A17: M 6.7 - south of the Fiji Islands | B17: 6.7 | C17: 45034.188 | D17: 0 | E17: 3 | F17: green | G17: 1 | H17: 691 | I17: us | J17: 166 | K17: 4.719 | L17: 10 | M17: mww | N17: 595.854 | O17: -22.2844 | P17: 179.391 | Q17: the Fiji Islands
A18: M 7.0 - 96 km N of Tuban, Indonesia | B18: 7 | C18: 45030.413 | D18: 5 | E18: 3 | F18: green | G18: 0 | H18: 818 | I18: us | J18: 131 | K18: 1.881 | L18: 31 | M18: mww | N18: 594.028 | O18: -6.0255 | P18: 112.033 | Q18: Tuban, Indonesia | S18: Indonesia
A19: M 6.5 - near the east coast of the Kamchatka Peninsula, Russia | B19: 6.5 | C19: 45019.129 | D19: 7 | E19: 6 | F19: yellow | G19: 1 | H19: 655 | I19: us | J19: 104 | K19: 0.266 | L19: 30 | M19: mww | N19: 105.631 | O19: 52.7772 | P19: 158.484 | Q19: the Kamchatka Peninsula, Russia | R19: Asia | S19: Russian Federation (the)
A20: M 7.0 - New Guinea, Papua New Guinea | B20: 7 | C20: 45018.753 | D20: 7 | E20: 7 | F20: green | G20: 1 | H20: 781 | I20: us | J20: 105 | K20: 6.45 | L20: 31 | M20: mww | N20: 62.603 | O20: -4.2924 | P20: 143.155 | Q20: New Guinea, Papua New Guinea | R20: Asia | S20: Papua New Guinea
A21: M 6.5 - 84 km NNW of San Antonio de los Cobres, Argentina | B21: 6.5 | C21: 45007.667 | D21: 4 | E21: 4 | F21: green | G21: 0 | H21: 656 | I21: us | J21: 97 | K21: 1.622 | L21: 33 | M21: mww | N21: 209.976 | O21: -23.4797 | P21: -66.5108 | Q21: San Antonio de los Cobres, Argentina | R21: South America | S21: Argentina
A22: M 6.5 - 40 km SSE of Jurm, Afghanistan | B22: 6.5 | C22: 45006.699 | D22: 7 | E22: 5 | F22: green | G22: 0 | H22: 1350 | I22: us | J22: 134 | K22: 2.53 | L22: 13 | M22: mww | N22: 187.589 | O22: 36.5227 | P22: 70.9787 | Q22: Jurm, Afghanistan | R22: Asia | S22: Afghanistan
A23: M 6.8 - near the coast of Ecuador | B23: 6.8 | C23: 45003.717 | D23: 9 | E23: 7 | F23: orange | G23: 1 | H23: 1159 | I23: us | J23: 152 | K23: 0.709 | L23: 28 | M23: mww | N23: 65.842 | O23: -2.851 | P23: -79.8001 | Q23: Ecuador | R23: South America | S23: Ecuador
A24: M 7.0 - Kermadec Islands region | B24: 7 | C24: 45001.039 | D24: 8 | E24: 5 | F24: green | G24: 1 | H24: 756 | I24: us | J24: 116 | K24: 1.789 | L24: 22 | M24: mww | N24: 22.065 | O24: -30.1147 | P24: -176.112 | Q24: Kermadec Islands region
A25: M 6.9 - Kermadec Islands, New Zealand | B25: 6.9 | C25: 44989.278 | D25: 5 | E25: 5 | F25: green | G25: 1 | H25: 735 | I25: us | J25: 108 | K25: 0.784 | L25: 18 | M25: mww | N25: 205.681 | O25: -29.4748 | P25: -178.787 | Q25: Kermadec Islands, New Zealand
A26: M 6.5 - 86 km WSW of Port-Olry, Vanuatu | B26: 6.5 | C26: 44987.753 | D26: 7 | E26: 6 | F26: green | G26: 1 | H26: 653 | I26: us | J26: 66 | K26: 5.483 | L26: 45 | M26: mww | N26: 10 | O26: -15.3597 | P26: 166.385 | Q26: Port-Olry, Vanuatu
A27: M 6.5 - 108 km NW of Kimbe, Papua New Guinea | B27: 6.5 | C27: 44986.233 | D27: 4 | E27: 2 | F27: green | G27: 1 | H27: 652 | I27: us | J27: 115 | K27: 2.739 | L27: 20 | M27: mww | N27: 598.925 | O27: -4.8138 | P27: 149.487 | Q27: Kimbe, Papua New Guinea | S27: Papua New Guinea
A28: M 6.8 - 67 km W of Murghob, Tajikistan | B28: 6.8 | C28: 44980.026 | D28: 9 | E28: 7 | F28: green | G28: 0 | H28: 737 | I28: us | J28: 128 | K28: 1.783 | L28: 20 | M28: mww | N28: 20.522 | O28: 38.0726 | P28: 73.2077 | Q28: Murghob, Tajikistan | R28: Asia | S28: Tajikistan
A29: M 7.5 - 4 km SSE of EkinÃ¶zÃ¼, Turkey | B29: 7.5 | C29: 44963.433 | D29: 9 | E29: 9 | F29: orange | G29: 0 | H29: 1411 | I29: us | J29: 135 | K29: 0.85 | L29: 17 | M29: mww | N29: 10 | O29: 38.0235 | P29: 37.203 | Q29: EkinÃ¶zÃ¼, Turkey | R29: Asia | S29: Turkiye
A30: M 6.7 - 18 km ESE of NurdaÄŸÄ±, Turkey | B30: 6.7 | C30: 44963.061 | D30: 9 | E30: 8 | F30: yellow | G30: 0 | H30: 800 | I30: us | J30: 108 | K30: 0.218 | L30: 44 | M30: mww | N30: 14.497 | O30: 37.4135 | P30: 36.8306 | Q30: NurdaÄŸÄ±, Turkey | R30: Asia | S30: Turkiye
A31: M 7.8 - Central Turkey | B31: 7.8 | C31: 44963.053 | D31: 9 | E31: 9 | F31: red | G31: 0 | H31: 2910 | I31: us | J31: 118 | K31: 1.919 | L31: 32 | M31: mww | N31: 17.925 | O31: 37.2012 | P31: 36.9997 | Q31: Central Turkey | R31: Asia | S31: Turkiye
A32: M 6.8 - | B32: 6.8 | C32: 44946.923 | D32: 4 | E32: 3 | F32: green | G32: 0 | H32: 718 | I32: us | J32: 60 | K32: 5.129 | L32: 61 | M32: mww | N32: 610.671 | O32: -26.7209 | P32: -63.0394 | R32: South America | S32: Argentina
A33: M 7.0 - 153 km NW of Tobelo, Indonesia | B33: 7 | C33: 44944.254 | D33: 3 | E33: 5 | F33: green | G33: 1 | H33: 756 | I33: us | J33: 130 | K33: 1.974 | L33: 17 | M33: mwc | N33: 28.566 | O33: 2.7401 | P33: 127.051 | Q33: Tobelo, Indonesia | S33: Indonesia
A34: M 7.6 - Pulau Pulau Tanimbar, Indonesia | B34: 7.6 | C34: 44935.741 | D34: 5 | E34: 7 | F34: green | G34: 0 | H34: 957 | I34: us | J34: 114 | K34: 1.575 | L34: 21 | M34: mww | N34: 105.249 | O34: -7.0852 | P34: 130.039 | Q34: Pulau Pulau Tanimbar, Indonesia | S34: Indonesia
A35: M 7.0 - Vanuatu | B35: 7 | C35: 44934.522 | D35: 8 | E35: 7 | F35: green | G35: 1 | H35: 768 | I35: us | J35: 116 | K35: 6.096 | L35: 36 | M35: mww | N35: 29 | O35: -14.9383 | P35: 166.878 | Q35: Vanuatu | S35: Vanuatu
A36: M 6.8 - 109 km NE of Hihifo, Tonga | B36: 6.8 | C36: 44899.808 | D36: 5 | E36: 5 | F36: green | G36: 1 | H36: 720 | I36: us | J36: 152 | K36: 2.587 | L36: 26 | M36: mww | N36: 38 | O36: -15.3983 | P36: -172.968 | Q36: Hihifo, Tonga
A37: M 7.0 - 18 km SW of Malango, Solomon Islands | B37: 7 | C37: 44887.085 | D37: 8 | E37: 7 | F37: green | G37: 1 | H37: 768 | I37: us | J37: 117 | K37: 0.509 | L37: 17 | M37: mww | N37: 14 | O37: -9.7963 | P37: 159.596 | Q37: Malango, Solomon Islands | R37: Oceania | S37: Solomon Islands
A38: M 6.9 - 204 km SW of Bengkulu, Indonesia | B38: 6.9 | C38: 44883.567 | D38: 4 | E38: 4 | F38: green | G38: 0 | H38: 735 | I38: us | J38: 99 | K38: 2.229 | L38: 34 | M38: mww | N38: 25 | O38: -4.9559 | P38: 100.738 | Q38: Bengkulu, Indonesia
A39: M 7.0 - | B39: 7 | C39: 44877.298 | D39: 3 | E39: 3 | F39: green | G39: 1 | H39: 755 | I39: us | J39: 147 | K39: 3.125 | L39: 18 | M39: mww | N39: 579 | O39: -20.0508 | P39: -178.346 | R39: Oceania | S39: Fiji
A40: M 7.3 - 205 km ESE of Neiafu, Tonga | B40: 7.3 | C40: 44876.45 | D40: 5 | E40: 5 | F40: green | G40: 1 | H40: 833 | I40: us | J40: 149 | K40: 1.865 | L40: 21 | M40: mww | N40: 37 | O40: -19.2918 | P40: -172.129 | Q40: Neiafu, Tonga
A41: M 6.6 - | B41: 6.6 | C41: 44874.426 | D41: 0 | E41: 2 | F41: green | G41: 1 | H41: 670 | I41: us | J41: 131 | K41: 4.998 | L41: 27 | M41: mww | N41: 624.464 | O41: -25.5948 | P41: 178.278
A42: M 7.0 - south of the Fiji Islands | B42: 7 | C42: 44874.41 | D42: 4 | E42: 3 | F42: green | G42: 1 | H42: 755 | I42: us | J42: 142 | K42: 4.578 | L42: 26 | M42: mwb | N42: 660 | O42: -26.0442 | P42: 178.381 | Q42: the Fiji Islands
A43: M 6.8 - south of the Fiji Islands | B43: 6.8 | C43: 44874.401 | D43: 1 | E43: 3 | F43: green | G43: 1 | H43: 711 | I43: us | J43: 136 | K43: 4.678 | L43: 22 | M43: mww | N43: 630.379 | O43: -25.9678 | P43: 178.363 | Q43: the Fiji Islands
A44: M 6.7 - 60 km SSW of Boca Chica, Panama | B44: 6.7 | C44: 44854.498 | D44: 7 | E44: 6 | F44: green | G44: 1 | H44: 797 | I44: us | J44: 145 | K44: 1.151 | L44: 37 | M44: mww | N44: 20 | O44: 7.6712 | P44: -82.3396 | Q44: Boca Chica, Panama | S44: Panama
A45: M 6.8 - 55 km SSW of Aguililla, Mexico | B45: 6.8 | C45: 44826.261 | D45: 8 | E45: 7 | F45: yellow | G45: 1 | H45: 1179 | I45: us | J45: 175 | K45: 2.137 | L45: 92 | M45: mww | N45: 20 | O45: 18.33 | P45: -102.913 | Q45: Aguililla, Mexico | R45: North America | S45: Mexico
A46: M 7.6 - 35 km SSW of Aguililla, Mexico | B46: 7.6 | C46: 44823.753 | D46: 9 | E46: 8 | F46: yellow | G46: 1 | H46: 1799 | I46: us | J46: 271 | K46: 1.153 | L46: 69 | M46: mww | N46: 26.943 | O46: 18.3667 | P46: -103.252 | Q46: Aguililla, Mexico | R46: North America | S46: Mexico
A47: M 6.9 - 90 km E of Yujing, Taiwan | B47: 6.9 | C47: 44822.281 | D47: 9 | E47: 9 | F47: yellow | G47: 1 | H47: 887 | I47: us | J47: 215 | K47: 0.401 | L47: 34 | M47: mww | N47: 10 | O47: 23.1444 | P47: 121.307 | Q47: Yujing, Taiwan | R47: Asia | S47: Taiwan
A48: M 6.5 - 96 km SE of Lugu, Taiwan | B48: 6.5 | C48: 44821.57 | D48: 7 | E48: 7 | F48: green | G48: 1 | H48: 756 | I48: us | J48: 178 | K48: 0.43 | L48: 54 | M48: mww | N48: 10 | O48: 23.029 | P48: 121.348 | Q48: Lugu, Taiwan | R48: Asia | S48: Taiwan
A49: M 7.0 - 209 km SSE of Isangel, Vanuatu | B49: 7 | C49: 44818.461 | D49: 7 | E49: 5 | F49: green | G49: 1 | H49: 761 | I49: us | J49: 192 | K49: 2.977 | L49: 45 | M49: mww | N49: 137 | O49: -21.2077 | P49: 170.239 | Q49: Isangel, Vanuatu
A50: M 7.6 - 70 km E of Kainantu, Papua New Guinea | B50: 7.6 | C50: 44814.991 | D50: 8 | E50: 8 | F50: yellow | G50: 1 | H50: 965 | I50: us | J50: 272 | K50: 3.158 | L50: 12 | M50: mww | N50: 116 | O50: -6.2237 | P50: 146.471 | Q50: Kainantu, Papua New Guinea | R50: Oceania | S50: Papua New Guinea
A51: M 6.6 - 44 km SE of Kangding, China | B51: 6.6 | C51: 44809.203 | D51: 9 | E51: 8 | F51: orange | G51: 0 | H51: 1043 | I51: us | J51: 141 | K51: 8.454 | L51: 34 | M51: mww | N51: 12 | O51: 29.7263 | P51: 102.279 | Q51: Kangding, China | R51: Asia | S51: People's Republic of China
A52: M 6.6 - south of the Kermadec Islands | B52: 6.6 | C52: 44787.572 | D52: 7 | E52: 6 | F52: green | G52: 1 | H52: 672 | I52: us | J52: 68 | K52: 5.293 | L52: 34 | M52: mww | N52: 30 | O52: -32.6922 | P52: -178.959 | Q52: the Kermadec Islands
A53: M 7.0 - 11 km NE of Bantay, Philippines | B53: 7 | C53: 44769.03 | D53: 9 | E53: 8 | F53: yellow | G53: 1 | H53: 1351 | I53: us | J53: 152 | K53: 5.276 | L53: 22 | M53: mww | N53: 33.729 | O53: 17.5978 | P53: 120.809 | Q53: Bantay, Philippines | R53: Asia | S53: Philippines
A54: M 6.5 - 107 km SSW of TarauacÃ¡, Brazil | B54: 6.5 | C54: 44720.038 | D54: 3 | E54: 2 | F54: green | G54: 0 | H54: 653 | I54: us | J54: 236 | K54: 1.999 | L54: 31 | M54: mww | N54: 622.73 | O54: -9.0618 | P54: -71.1647 | Q54: TarauacÃ¡, Brazil | R54: South America | S54: Brazil
A55: M 7.2 - 10 km W of AzÃ¡ngaro, Peru | B55: 7.2 | C55: 44707.501 | D55: 7 | E55: 5 | F55: green | G55: 1 | H55: 876 | I55: us | J55: 144 | K55: 2.494 | L55: 40 | M55: mww | N55: 236 | O55: -14.8628 | P55: -70.3081 | Q55: AzÃ¡ngaro, Peru | R55: South America | S55: Peru
A56: M 6.9 - | B56: 6.9 | C56: 44700.426 | D56: 2 | E56: 5 | F56: green | G56: 1 | H56: 733 | I56: us | J56: 127 | K56: 0.371 | L56: 45 | M56: mww | N56: 10 | O56: -54.1325 | P56: 159.027
A57: M 6.8 - 86 km NNW of San Antonio de los Cobres, Argentina | B57: 6.8 | C57: 44691.963 | D57: 6 | E57: 5 | F57: green | G57: 1 | H57: 762 | I57: us | J57: 162 | K57: 1.505 | L57: 30 | M57: mww | N57: 220 | O57: -23.6141 | P57: -66.7236 | Q57: San Antonio de los Cobres, Argentina | R57: South America | S57: Argentina
A58: M 6.6 - 55 km WSW of Masachapa, Nicaragua | B58: 6.6 | C58: 44672.321 | D58: 6 | E58: 5 | F58: green | G58: 1 | H58: 762 | I58: us | J58: 0 | K58: 0.914 | L58: 94 | M58: mww | N58: 27 | O58: 11.5538 | P58: -86.9919 | Q58: Masachapa, Nicaragua
A59: M 7.0 - southeast of the Loyalty Islands | B59: 7 | C59: 44651.239 | D59: 6 | E59: 4 | F59: green | G59: 1 | H59: 763 | I59: us | J59: 0 | K59: 2.705 | L59: 26 | M59: mww | N59: 10 | O59: -22.5732 | P59: 170.349 | Q59: the Loyalty Islands
A60: M 6.9 - 284 km ESE of Tadine, New Caledonia | B60: 6.9 | C60: 44650.872 | D60: 6 | E60: 4 | F60: green | G60: 1 | H60: 738 | I60: us | J60: 0 | K60: 2.697 | L60: 42 | M60: mww | N60: 10 | O60: -22.72 | P60: 170.277 | Q60: Tadine, New Caledonia
A61: M 6.7 - 65 km S of Hualien City, Taiwan | B61: 6.7 | C61: 44642.737 | D61: 8 | E61: 7 | F61: green | G61: 1 | H61: 806 | I61: us | J61: 0 | K61: 0.289 | L61: 32 | M61: mww | N61: 24 | O61: 23.3421 | P61: 121.636 | Q61: Hualien City, Taiwan | R61: Asia | S61: Taiwan
A62: M 7.3 - 57 km ENE of Namie, Japan | B62: 7.3 | C62: 44636.608 | D62: 9 | E62: 8 | F62: red | G62: 1 | H62: 2397 | I62: us | J62: 0 | K62: 2.936 | L62: 29 | M62: mww | N62: 41 | O62: 37.7015 | P62: 141.587 | Q62: Namie, Japan
A63: M 6.7 - 166 km W of Pariaman, Indonesia | B63: 6.7 | C63: 44633.881 | D63: 9 | E63: 6 | F63: green | G63: 0 | H63: 708 | I63: us | J63: 0 | K63: 2.188 | L63: 43 | M63: mww | N63: 28 | O63: -0.6831 | P63: 98.6034 | Q63: Pariaman, Indonesia | R63: Asia | S63: Indonesia
A64: M 6.6 - Kermadec Islands, New Zealand | B64: 6.6 | C64: 44622.536 | D64: 2 | E64: 7 | F64: green | G64: 1 | H64: 670 | I64: us | J64: 0 | K64: 0.827 | L64: 46 | M64: mww | N64: 24 | O64: -30.0528 | P64: -177.74 | Q64: Kermadec Islands, New Zealand
A65: M 6.8 - south of the Fiji Islands | B65: 6.8 | C65: 44608.848 | D65: 2 | E65: 3 | F65: green | G65: 1 | H65: 712 | I65: us | J65: 0 | K65: 5.78 | L65: 12 | M65: mww | N65: 535 | O65: -23.7852 | P65: -179.968 | Q65: the Fiji Islands
A66: M 6.5 - 49 km NW of Barranca, Peru | B66: 6.5 | C66: 44595.665 | D66: 8 | E66: 6 | F66: green | G66: 0 | H66: 690 | I66: us | J66: 0 | K66: 3.026 | L66: 22 | M66: mww | N66: 110 | O66: -4.455 | P66: -76.9395 | Q66: Barranca, Peru | R66: South America | S66: Peru
A67: M 6.5 - Kermadec Islands region | B67: 6.5 | C67: 44590.115 | D67: 7 | E67: 4 | F67: green | G67: 1 | H67: 651 | I67: us | J67: 0 | K67: 1.088 | L67: 57 | M67: mww | N67: 8 | O67: -29.535 | P67: -176.729 | Q67: Kermadec Islands region
A68: M 6.6 - 80 km SW of Labuan, Indonesia | B68: 6.6 | C68: 44575.378 | D68: 8 | E68: 6 | F68: green | G68: 0 | H68: 785 | I68: us | J68: 0 | K68: 2.418 | L68: 22 | M68: mww | N68: 33 | O68: -6.9291 | P68: 105.251 | Q68: Labuan, Indonesia | S68: Indonesia
A69: M 6.5 - 71 km SE of Nikolski, Alaska | B69: 6.5 | C69: 44572.527 | D69: 0 | E69: 3 | G69: 1 | H69: 650 | I69: at | J69: 97 | K69: 1.61607 | L69: 108 | M69: Mi | N69: 37 | O69: 52.502 | P69: -168.08 | Q69: Nikolski, Alaska
A70: M 6.5 - 71 km SE of Nikolski, Alaska | B70: 6.5 | C70: 44572.527 | D70: 0 | E70: 3 | G70: 1 | H70: 650 | I70: pt | J70: 23 | K70: 0 | L70: 208.8 | M70: Mi | N70: 37 | O70: 52.502 | P70: -168.08 | Q70: Nikolski, Alaska
A71: M 6.6 - 53 km SE of Nikolski, Alaska | B71: 6.6 | C71: 44572.527 | D71: 8 | E71: 5 | F71: green | G71: 1 | H71: 674 | I71: us | J71: 0 | K71: 0.507 | L71: 49 | M71: mww | N71: 19 | O71: 52.6252 | P71: -168.15 | Q71: Nikolski, Alaska
A72: M 6.7 - 91 km SE of Nikolski, Alaska | B72: 6.7 | C72: 44572.483 | D72: 0 | E72: 4 | G72: 1 | H72: 691 | I72: at | J72: 50 | K72: 0.936943 | L72: 126 | M72: Mi | N72: 33 | O72: 52.48 | P72: -167.736 | Q72: Nikolski, Alaska
A73: M 6.7 - 91 km SE of Nikolski, Alaska | B73: 6.7 | C73: 44572.483 | D73: 0 | E73: 4 | G73: 1 | H73: 691 | I73: pt | J73: 20 | K73: 0 | L73: 205.2 | M73: Mi | N73: 33 | O73: 52.48 | P73: -167.736 | Q73: Nikolski, Alaska
A74: M 6.8 - 100 km SE of Nikolski, Alaska | B74: 6.8 | C74: 44572.483 | D74: 7 | E74: 6 | F74: green | G74: 1 | H74: 730 | I74: us | J74: 0 | K74: 0.92 | L74: 61 | M74: mww | N74: 20 | O74: 52.6563 | P74: -167.917 | Q74: Nikolski, Alaska
A75: M 6.6 - 48 km WNW of PÃ³lis, Cyprus | B75: 6.6 | C75: 44572.047 | D75: 6 | E75: 6 | F75: green | G75: 0 | H75: 976 | I75: us | J75: 0 | K75: 1.168 | L75: 21 | M75: mww | N75: 21 | O75: 35.1456 | P75: 31.9095 | Q75: PÃ³lis, Cyprus | R75: Asia
A76: M 6.6 - northern Qinghai, China | B76: 6.6 | C76: 44568.74 | D76: 9 | E76: 8 | F76: orange | G76: 0 | H76: 1012 | I76: us | J76: 0 | K76: 2.685 | L76: 13 | M76: mww | N76: 13 | O76: 37.8167 | P76: 101.299 | Q76: northern Qinghai, China | R76: Asia | S76: People's Republic of China
A77: M 7.3 - 125 km NNE of Lospalos, Timor Leste | B77: 7.3 | C77: 44559.767 | D77: 8 | E77: 7 | F77: green | G77: 0 | H77: 921 | I77: us | J77: 0 | K77: 3.713 | L77: 19 | M77: mww | N77: 165.49 | O77: -7.5924 | P77: 127.581 | Q77: Lospalos, Timor Leste | S77: Indonesia
A78: M 7.3 - Flores Sea | B78: 7.3 | C78: 44544.139 | D78: 9 | E78: 5 | F78: green | G78: 1 | H78: 854 | I78: us | J78: 0 | K78: 1.025 | L78: 32 | M78: mww | N78: 14.27 | O78: -7.6033 | P78: 122.2 | Q78: Flores Sea | R78: Asia | S78: Indonesia
A79: M 7.5 - 43 km NNW of Barranca, Peru | B79: 7.5 | C79: 44528.453 | D79: 8 | E79: 8 | F79: yellow | G79: 1 | H79: 1094 | I79: us | J79: 0 | K79: 4.951 | L79: 40 | M79: mww | N79: 126 | O79: -4.4898 | P79: -76.8461 | Q79: Barranca, Peru | R79: South America | S79: Peru
A80: M 6.6 - 177 km SE of Hirara, Japan | B80: 6.6 | C80: 44510.656 | D80: 7 | E80: 4 | F80: green | G80: 1 | H80: 688 | I80: us | J80: 0 | K80: 3.259 | L80: 15 | M80: mww | N80: 12 | O80: 23.5414 | P80: 126.48 | Q80: Hirara, Japan
A81: M 6.9 - 112 km E of Chignik, Alaska | B81: 6.9 | C81: 44480.382 | D81: 8 | E81: 6 | F81: green | G81: 1 | H81: 995 | I81: ak | J81: 0 | K81: 0 | L81: 0 | M81: mww | N81: 51.6 | O81: 56.2581 | P81: -156.492 | Q81: Chignik, Alaska | R81: North America | S81: United States of America
A82: M 6.9 - Vanuatu region | B82: 6.9 | C82: 44478.457 | D82: 4 | E82: 3 | F82: green | G82: 1 | H82: 740 | I82: us | J82: 0 | K82: 4.778 | L82: 31 | M82: mww | N82: 535 | O82: -21.1704 | P82: 174.54 | Q82: Vanuatu region
A83: M 7.3 - Vanuatu region | B83: 7.3 | C83: 44471.27 | D83: 4 | E83: 4 | F83: green | G83: 1 | H83: 826 | I83: us | J83: 0 | K83: 4.493 | L83: 32 | M83: mww | N83: 527 | O83: -21.1036 | P83: 174.895 | Q83: Vanuatu region
A84: M 6.5 - 80 km SW of Jiquilillo, Nicaragua | B84: 6.5 | C84: 44461.415 | D84: 7 | E84: 5 | F84: green | G84: 1 | H84: 684 | I84: us | J84: 0 | K84: 0.993 | L84: 114 | M84: mww | N84: 21 | O84: 12.1598 | P84: -87.8542 | Q84: Jiquilillo, Nicaragua
A85: M 7.0 - Acapulco, Mexico | B85: 7 | C85: 44447.074 | D85: 8 | E85: 8 | F85: red | G85: 1 | H85: 2504 | I85: us | J85: 0 | K85: 0.07 | L85: 43 | M85: mww | N85: 20 | O85: 16.9502 | P85: -99.7877 | Q85: Acapulco, Mexico | R85: North America | S85: Mexico
A86: M 7.1 - South Sandwich Islands region | B86: 7.1 | C86: 44430.898 | D86: 1 | E86: 4 | F86: green | G86: 1 | H86: 776 | I86: us | J86: 0 | K86: 9.799 | L86: 32 | M86: mww | N86: 6 | O86: -60.3026 | P86: -24.9992 | Q86: South Sandwich Islands region | S86: Antarctica
A87: M 6.6 - South Sandwich Islands region | B87: 6.6 | C87: 44430.031 | D87: 1 | E87: 3 | F87: green | G87: 1 | H87: 670 | I87: us | J87: 0 | K87: 8.865 | L87: 19 | M87: mww | N87: 7 | O87: -60.1023 | P87: -24.4608 | Q87: South Sandwich Islands region | S87: Antarctica
A88: M 6.9 - 17 km N of Port-Olry, Vanuatu | B88: 6.9 | C88: 44426.424 | D88: 8 | E88: 7 | F88: green | G88: 1 | H88: 741 | I88: us | J88: 0 | K88: 0.579 | L88: 54 | M88: mww | N88: 93 | O88: -14.892 | P88: 167.085 | Q88: Port-Olry, Vanuatu | R88: Oceania | S88: Vanuatu
A89: M 6.9 - South Sandwich Islands region | B89: 6.9 | C89: 44424.465 | D89: 6 | E89: 4 | F89: green | G89: 1 | H89: 734 | I89: us | J89: 0 | K89: 8.363 | L89: 48 | M89: mww | N89: 16.7 | O89: -58.3814 | P89: -23.3318 | Q89: South Sandwich Islands region
A90: M 7.2 - Nippes, Haiti | B90: 7.2 | C90: 44422.52 | D90: 9 | E90: 8 | F90: red | G90: 1 | H90: 2331 | I90: us | J90: 0 | K90: 1.178 | L90: 23 | M90: mww | N90: 10 | O90: 18.3521 | P90: -73.4804 | Q90: Nippes, Haiti | R90: North America | S90: Haiti
A91: M 6.9 - 136 km SE of Perryville, Alaska | B91: 6.9 | C91: 44422.498 | D91: 5 | E91: 4 | F91: green | G91: 1 | H91: 738 | I91: ak | J91: 0 | K91: 0 | L91: 0 | M91: mww | N91: 33.3 | O91: 55.2364 | P91: -157.707 | Q91: Perryville, Alaska
A92: M 6.9 - 125 km SE of Perryville, Alaska | B92: 6.9 | C92: 44422.498 | D92: 5 | E92: 4 | F92: green | G92: 1 | H92: 738 | I92: us | J92: 0 | K92: 1.173 | L92: 36 | M92: mww | N92: 20.74 | O92: 55.2657 | P92: -157.68 | Q92: Perryville, Alaska
A93: M 8.1 - South Sandwich Islands region | B93: 8.1 | C93: 44420.774 | D93: 0 | E93: 7 | F93: green | G93: 0 | H93: 1009 | I93: us | J93: 0 | K93: 7.463 | L93: 78 | M93: mww | N93: 22.79 | O93: -58.4157 | P93: -25.3206 | Q93: South Sandwich Islands region
A94: M 7.5 - South Sandwich Islands region | B94: 7.5 | C94: 44420.772 | D94: 9 | E94: 6 | F94: green | G94: 1 | H94: 868 | I94: us | J94: 0 | K94: 7.227 | L94: 38 | M94: mww | N94: 47.23 | O94: -57.5959 | P94: -25.1874 | Q94: South Sandwich Islands region
A95: M 7.1 - 60 km ENE of Pondaguitan, Philippines | B95: 7.1 | C95: 44419.74 | D95: 9 | E95: 7 | F95: green | G95: 1 | H95: 846 | I95: us | J95: 0 | K95: 1.273 | L95: 25 | M95: mww | N95: 55.14 | O95: 6.4547 | P95: 126.742 | Q95: Pondaguitan, Philippines
A96: M 8.2 - 91 km ESE of Perryville, Alaska | B96: 8.2 | C96: 44406.26 | D96: 8 | E96: 6 | F96: green | G96: 1 | H96: 1237 | I96: us | J96: 0 | K96: 0.875 | L96: 66 | M96: mww | N96: 46.66 | O96: 55.4742 | P96: -157.917 | Q96: Perryville, Alaska
A97: M 8.2 - 99 km SE of Perryville, Alaska | B97: 8.2 | C97: 44406.26 | D97: 8 | E97: 7 | F97: yellow | G97: 1 | H97: 1252 | I97: ak | J97: 0 | K97: 0 | L97: 0 | M97: mww | N97: 35 | O97: 55.3154 | P97: -157.829 | Q97: Perryville, Alaska
A98: M 6.7 - 15 km S of Hukay, Philippines | B98: 6.7 | C98: 44400.867 | D98: 8 | E98: 5 | F98: green | G98: 1 | H98: 935 | I98: us | J98: 0 | K98: 8.139 | L98: 12 | M98: mww | N98: 110 | O98: 13.6989 | P98: 120.713 | Q98: Hukay, Philippines | R98: Asia | S98: Philippines
A99: M 6.7 - 71 km S of Burica, Panama | B99: 6.7 | C99: 44398.885 | D99: 6 | E99: 6 | F99: green | G99: 1 | H99: 830 | I99: us | J99: 0 | K99: 1.395 | L99: 61 | M99: mww | N99: 10 | O99: 7.5904 | P99: -82.8813 | Q99: Burica, Panama
A100: M 6.5 - Kermadec Islands, New Zealand | B100: 6.5 | C100: 44367.712 | D100: 0 | E100: 4 | F100: green | G100: 1 | H100: 650 | I100: us | J100: 0 | K100: 7.994 | L100: 24 | M100: mww | N100: 25 | O100: -30.2144 | P100: -177.773 | Q100: Kermadec Islands, New Zealand
...

Sheet TASK
A1: task1-excel-based exploration
A2: dataset proftile driven entirely by the formulas over the data sheet
A4: dataset | C4: SIZE
A5: number of records | C5: 1000
A6: number of columns | C6: 19
A7: data range start | C7: 34824
A8: data range end | C8: 45154
A10: value range
A11: field | B11: MIN | C11: MAX | D11: AVG | E11: RANGE
A12: magnitude | B12: =MIN(DS!$B$2:$B1001) -> 6.5 | C12: =MAX(DS!$B$2:$B1001) -> 9.1 | D12: =AVERAGE(DS!$B$2:$B1001) -> 6.94015 | E12: =MAX(DS!$B$2:$B1001)-MIN(DS!$B2:$B1001) -> 2.6
A13: Depth | B13: =MIN(DS!$N$2:$N1001) -> 2.7 | C13: =MAX(DS!$N$2:$N1001) -> 670.81 | D13: =AVERAGE(DS!$N$2:$N1001) -> 74.612541 | E13: =MAX(DS!$N$2:$N1001)-MIN(DS!$N2:$N1001) -> 668.11
A14: sig | B14: =MIN(DS!$H$2:$H1001) -> 650 | C14: =MAX(DS!$H$2:$H1001) -> 2910 | D14: =AVERAGE(DS!$H$2:$H1001) -> 847.915 | E14: =MAX(DS!$H$2:$H1001)-MIN(DS!$H2:$H1001) -> 2260
A15: mmi | B15: =MIN(DS!$E$2:$E1001) -> 1 | C15: =MAX(DS!$E$2:$E1001) -> 10 | D15: =AVERAGE(DS!$E$2:$E1001) -> 6.027 | E15: =MAX(DS!$E$2:$E1001)-MIN(DS!$E$2:$E1001) -> 9
A17: COUNT BY MAGNITUDE TYPE (MAG TYPE ,CASE-NORMALISED) | D17: COUNT BY ALERT LEVEL
A18: MAGTYPE | B18: COUNT | D18: ALERT | E18: COUNT
A19: MWW | B19: =COUNTIF(DS!$M$2:$M$1001,"MWW") -> 502 | D19: GREEN | E19: =COUNTIF(DS!$F$2:$F$1001,"GREEN") -> 353
A20: MWC | B20: =COUNTIF(DS!$M$2:$M$1001,"MWC") -> 332 | D20: YELLOW | E20: =COUNTIF(DS!$F$2:$F$1001,"YELLOW") -> 59
A21: MWB | B21: =COUNTIF(DS!$M$2:$M$1001,"MWB") -> 100 | D21: ORANGE | E21: =COUNTIF(DS!$F$2:$F$1001,"ORANGE") -> 24
A22: MB | B22: =COUNTIF(DS!$M$2:$M$1001,"MB") -> 4 | D22: RED | E22: =COUNTIF(DS!$F$2:$F$1001,"RED") -> 13
A23: MW | B23: =COUNTIF(DS!$M$2:$M$1001,"MW") -> 51 | D23: (BLANK/NOT ASSESSED) | E23: =COUNTBLANK(DS!$F$2:$F$1001) -> 551
A24: MS | B24: =COUNTIF(DS!$M$2:$M$1001,"MS") -> 3 | D24: TOTAL | E24: =COUNTIF(DS!$F$2:$F$1001,"GREEN")+COUNTIF(DS!$F$2:$F$1001,"YELLOW")+COUNTIF(DS!$F$2:$F$1001,"ORANGE")+COUNTIF(DS!$F$2:$F$1001,"RED")+COUNTIF(DS!$F$2:$F$1001,"") -> 1000
A25: MD | B25: =COUNTIF(DS!$M$2:$M$1001,"MD") -> 2
A26: ML | B26: =COUNTIF(DS!$M$2:$M$1001,"ML") -> 1
A27: MI | B27: =COUNTIF(DS!$M$2:$M$1001,"MI") -> 5
A28: TOTAL | B28: =COUNTIF(DS!$M$2:$M$1001,"MWW")+COUNTIF(DS!$M$2:$M$1001,"MWC")+COUNTIF(DS!$M$2:$M$1001,"MWB")+COUNTIF(DS!$M$2:$M$1001,"MW")+COUNTIF(DS!$M$2:$M$1001,"MS")+COUNTIF(DS!$M$2:$M$1001,"MD")+COUNTIF(DS!$M$2:$M$1001,"ML")+COUNTIF(DS!$M$2:$M$1001,"MI")+COUNTIF(DS!$M$2:$M$1001,"MB") -> 1000
D29: SIGNIFICANT EARTHQUAKE PER YEAR
A30: MAGNITUDE BAND DISTRIBUTION (CHART SOURCE) | D30: YEARS | E30: COUNT
A31: BAND | B31: COUNT | D31: 1995 | E31: =COUNTIFS(DS!C:C,">="&DATE(1995,1,1),DS!C:C,"<"&DATE(1996,1,1)) -> 29
A32: 6.5-6.9 | B32: =COUNTIFS(DS!$B$2:$B$1001,">=6.5",DS!$B$2:$B$1001,"<=6.9") -> 627 | D32: 1996 | E32: =COUNTIFS(DS!C:C,">="&DATE(1996,1,1),DS!C:C,"<"&DATE(1997,1,1)) -> 35
A33: 7.0-7.4 | B33: =COUNTIFS(DS!$B$2:$B$1001,">=7.0",DS!$B$2:$B$1001,"<=7.4") -> 229 | D33: 1997 | E33: =COUNTIFS(DS!C:C,">="&DATE(1997,1,1),DS!C:C,"<"&DATE(1998,1,1)) -> 28
A34: 7.5-7.9 | B34: =COUNTIFS(DS!$B$2:$B$1001,">=7.5",DS!$B$2:$B$1001,"<=7.9") -> 112 | D34: 1998 | E34: =COUNTIFS(DS!C:C,">="&DATE(1998,1,1),DS!C:C,"<"&DATE(1999,1,1)) -> 23
A35: 8.0-8.4 | B35: =COUNTIFS(DS!$B$2:$B$1001,">=8.0",DS!$B$2:$B$1001,"<=8.4") -> 27 | D35: 1999 | E35: =COUNTIFS(DS!C:C,">="&DATE(1999,1,1),DS!C:C,"<"&DATE(2000,1,1)) -> 33
A36: 8.5-8.9 | B36: =COUNTIFS(DS!$B$2:$B$1001,">=8.5",DS!$B$2:$B$1001,"<=8.9") -> 3 | D36: 2000 | E36: =COUNTIFS(DS!C:C,">="&DATE(2000,1,1),DS!C:C,"<"&DATE(2001,1,1)) -> 35
A37: 9.0-9.4 | B37: =COUNTIFS(DS!$B$2:$B$1001,">=9.0",DS!$B$2:$B$1001,"<=9.4") -> 2 | D37: 2001 | E37: =COUNTIFS(DS!C:C,">="&DATE(2001,1,1),DS!C:C,"<"&DATE(2002,1,1)) -> 28
D38: 2002 | E38: =COUNTIFS(DS!C:C,">="&DATE(2002,1,1),DS!C:C,"<"&DATE(2003,1,1)) -> 25
D39: 2003 | E39: =COUNTIFS(DS!C:C,">="&DATE(2003,1,1),DS!C:C,"<"&DATE(2004,1,1)) -> 31
D40: 2004 | E40: =COUNTIFS(DS!C:C,">="&DATE(2004,1,1),DS!C:C,"<"&DATE(2005,1,1)) -> 32
D41: 2005 | E41: =COUNTIFS(DS!C:C,">="&DATE(2005,1,1),DS!C:C,"<"&DATE(2006,1,1)) -> 28
D42: 2006 | E42: =COUNTIFS(DS!C:C,">="&DATE(2006,1,1),DS!C:C,"<"&DATE(2007,1,1)) -> 26
D43: 2007 | E43: =COUNTIFS(DS!C:C,">="&DATE(2007,1,1),DS!C:C,"<"&DATE(2008,1,1)) -> 37
D44: 2008 | E44: =COUNTIFS(DS!C:C,">="&DATE(2008,1,1),DS!C:C,"<"&DATE(2009,1,1)) -> 25
D45: 2009 | E45: =COUNTIFS(DS!C:C,">="&DATE(2009,1,1),DS!C:C,"<"&DATE(2010,1,1)) -> 26
D46: 2010 | E46: =COUNTIFS(DS!C:C,">="&DATE(2010,1,1),DS!C:C,"<"&DATE(2011,1,1)) -> 41
D47: 2011 | E47: =COUNTIFS(DS!C:C,">="&DATE(2011,1,1),DS!C:C,"<"&DATE(2012,1,1)) -> 34
D48: 2012 | E48: =COUNTIFS(DS!C:C,">="&DATE(2012,1,1),DS!C:C,"<"&DATE(2013,1,1)) -> 31
D49: 2013 | E49: =COUNTIFS(DS!C:C,">="&DATE(2013,1,1),DS!C:C,"<"&DATE(2014,1,1)) -> 53
D50: 2014 | E50: =COUNTIFS(DS!C:C,">="&DATE(2014,1,1),DS!C:C,"<"&DATE(2015,1,1)) -> 48
D51: 2015 | E51: =COUNTIFS(DS!C:C,">="&DATE(2015,1,1),DS!C:C,"<"&DATE(2016,1,1)) -> 53
D52: 2016 | E52: =COUNTIFS(DS!C:C,">="&DATE(2016,1,1),DS!C:C,"<"&DATE(2017,1,1)) -> 43
D53: 2017 | E53: =COUNTIFS(DS!C:C,">="&DATE(2017,1,1),DS!C:C,"<"&DATE(2018,1,1)) -> 36
D54: 2018 | E54: =COUNTIFS(DS!C:C,">="&DATE(2018,1,1),DS!C:C,"<"&DATE(2019,1,1)) -> 43
D55: 2019 | E55: =COUNTIFS(DS!C:C,">="&DATE(2019,1,1),DS!C:C,"<"&DATE(2020,1,1)) -> 33
D56: 2020 | E56: =COUNTIFS(DS!C:C,">="&DATE(2020,1,1),DS!C:C,"<"&DATE(2021,1,1)) -> 27
D57: 2021 | E57: =COUNTIFS(DS!C:C,">="&DATE(2021,1,1),DS!C:C,"<"&DATE(2022,1,1)) -> 42
D58: 2022 | E58: =COUNTIFS(DS!C:C,">="&DATE(2022,1,1),DS!C:C,"<"&DATE(2023,1,1)) -> 41
D59: 2023 | E59: =COUNTIFS(DS!C:C,">="&DATE(2023,1,1),DS!C:C,"<"&DATE(2024,1,1)) -> 34
